{"stats":{"minecraft:custom":{"minecraft:time_since_rest":2049181,"minecraft:crouch_one_cm":18208,"minecraft:sprint_one_cm":26800,"minecraft:play_time":2049181,"minecraft:walk_one_cm":117673,"minecraft:sneak_time":20804,"minecraft:interact_with_anvil":3,"minecraft:jump":473,"minecraft:leave_game":11,"minecraft:time_since_death":2049181,"minecraft:total_world_time":2416435,"minecraft:fly_one_cm":503234},"minecraft:used":{"minecraft:andesite_wall":1,"minecraft:redstone_torch":2,"minecraft:repeater":12,"create:display_link":185,"minecraft:anvil":3,"create:rotation_speed_controller":7,"minecraft:chiseled_sandstone":4,"create:radial_chassis":24,"minecraft:command_block":11,"create:shaft":8,"create:windmill_bearing":5,"create:wrench":6,"create:white_sail":123,"create:cogwheel":30,"minecraft:redstone":4,"minecraft:andesite":7,"minecraft:stone_button":3,"minecraft:oak_sign":5,"minecraft:chest":1,"create:display_board":32,"create:depot":63,"minecraft:sandstone":12,"create:vertical_gearbox":7,"create:gantry_shaft":3,"create:belt_connector":6,"create:large_cogwheel":5,"create:creative_motor":6,"create:railway_casing":255},"minecraft:picked_up":{"minecraft:apple":30,"create:cogwheel":1,"minecraft:acacia_boat":1}},"DataVersion":3120}