{
  "minecraft:recipes/building_blocks/purple_wool": {
    "criteria": {
      "has_white_wool": "2022-12-16 08:55:39 -0600"
    },
    "done": true
  },
  "create:wrench_goggles": {
    "criteria": {
      "0": "2022-12-16 08:52:06 -0600",
      "1": "2022-12-16 14:40:43 -0600"
    },
    "done": true
  },
  "minecraft:recipes/building_blocks/lime_wool": {
    "criteria": {
      "has_white_wool": "2022-12-16 08:55:39 -0600"
    },
    "done": true
  },
  "create:recipes/create.base/crafting/kinetics/blue_seat": {
    "criteria": {
      "has_wool": "2022-12-16 08:55:39 -0600"
    },
    "done": true
  },
  "minecraft:recipes/building_blocks/black_wool": {
    "criteria": {
      "has_white_wool": "2022-12-16 08:55:39 -0600"
    },
    "done": true
  },
  "create:recipes/create.base/crafting/logistics/powered_latch": {
    "criteria": {
      "has_item": "2022-12-16 09:31:28 -0600"
    },
    "done": true
  },
  "minecraft:recipes/building_blocks/polished_andesite_stairs_from_andesite_stonecutting": {
    "criteria": {
      "has_andesite": "2022-12-16 08:52:34 -0600"
    },
    "done": true
  },
  "minecraft:recipes/decorations/white_bed": {
    "criteria": {
      "has_white_wool": "2022-12-16 08:55:39 -0600"
    },
    "done": true
  },
  "minecraft:recipes/building_blocks/green_wool": {
    "criteria": {
      "has_white_wool": "2022-12-16 08:55:39 -0600"
    },
    "done": true
  },
  "create:recipes/create.base/crafting/kinetics/gearbox": {
    "criteria": {
      "has_item": "2022-12-16 08:39:33 -0600"
    },
    "done": true
  },
  "minecraft:recipes/building_blocks/cut_sandstone_from_sandstone_stonecutting": {
    "criteria": {
      "has_sandstone": "2022-12-16 08:47:20 -0600"
    },
    "done": true
  },
  "create:recipes/create.palettes/small_tuff_brick_wall_from_tuff_stonecutting": {
    "criteria": {
      "has_tuff": "2022-12-16 09:48:51 -0600"
    },
    "done": true
  },
  "minecraft:recipes/building_blocks/brown_wool": {
    "criteria": {
      "has_white_wool": "2022-12-16 08:55:39 -0600"
    },
    "done": true
  },
  "minecraft:recipes/building_blocks/magenta_wool": {
    "criteria": {
      "has_white_wool": "2022-12-16 08:55:39 -0600"
    },
    "done": true
  },
  "create:recipes/create.base/crafting/kinetics/light_blue_seat": {
    "criteria": {
      "has_wool": "2022-12-16 08:55:39 -0600"
    },
    "done": true
  },
  "create:super_glue": {
    "criteria": {
      "0": "2022-12-16 08:51:56 -0600"
    },
    "done": true
  },
  "create:recipes/create.palettes/small_andesite_brick_slab_from_andesite_stonecutting": {
    "criteria": {
      "has_andesite": "2022-12-16 08:52:34 -0600"
    },
    "done": true
  },
  "minecraft:recipes/decorations/chest": {
    "criteria": {
      "has_lots_of_items": "2022-12-16 08:50:26 -0600"
    },
    "done": true
  },
  "minecraft:recipes/decorations/painting": {
    "criteria": {
      "has_wool": "2022-12-16 08:55:39 -0600"
    },
    "done": true
  },
  "create:recipes/create.palettes/cut_tuff_stairs_from_tuff_stonecutting": {
    "criteria": {
      "has_tuff": "2022-12-16 09:48:51 -0600"
    },
    "done": true
  },
  "create:recipes/create.base/crafting/kinetics/orange_seat": {
    "criteria": {
      "has_wool": "2022-12-16 08:55:39 -0600"
    },
    "done": true
  },
  "minecraft:recipes/building_blocks/cyan_wool": {
    "criteria": {
      "has_white_wool": "2022-12-16 08:55:39 -0600"
    },
    "done": true
  },
  "minecraft:recipes/misc/nether_brick": {
    "criteria": {
      "has_netherrack": "2022-12-16 09:37:55 -0600"
    },
    "done": true
  },
  "minecraft:recipes/building_blocks/andesite_slab_from_andesite_stonecutting": {
    "criteria": {
      "has_andesite": "2022-12-16 08:52:34 -0600"
    },
    "done": true
  },
  "create:recipes/create.palettes/small_andesite_brick_stairs_from_andesite_stonecutting": {
    "criteria": {
      "has_andesite": "2022-12-16 08:52:34 -0600"
    },
    "done": true
  },
  "create:recipes/create.palettes/polished_cut_tuff_stairs_from_tuff_stonecutting": {
    "criteria": {
      "has_tuff": "2022-12-16 09:48:52 -0600"
    },
    "done": true
  },
  "create:recipes/create.palettes/cut_andesite_slab_from_andesite_stonecutting": {
    "criteria": {
      "has_andesite": "2022-12-16 08:52:34 -0600"
    },
    "done": true
  },
  "create:recipes/create.base/crafting/kinetics/gray_seat": {
    "criteria": {
      "has_wool": "2022-12-16 08:55:39 -0600"
    },
    "done": true
  },
  "create:recipes/create.base/crafting/kinetics/magenta_seat": {
    "criteria": {
      "has_wool": "2022-12-16 08:55:39 -0600"
    },
    "done": true
  },
  "create:recipes/create.palettes/cut_tuff_brick_wall_from_tuff_stonecutting": {
    "criteria": {
      "has_tuff": "2022-12-16 09:48:51 -0600"
    },
    "done": true
  },
  "minecraft:recipes/building_blocks/light_blue_wool": {
    "criteria": {
      "has_white_wool": "2022-12-16 08:55:39 -0600"
    },
    "done": true
  },
  "create:recipes/create.palettes/tuff_pillar_from_tuff_stonecutting": {
    "criteria": {
      "has_tuff": "2022-12-16 09:48:51 -0600"
    },
    "done": true
  },
  "create:display_link": {
    "criteria": {
      "0": "2022-12-16 08:42:39 -0600"
    },
    "done": true
  },
  "create:recipes/create.base/crafting/kinetics/cyan_seat": {
    "criteria": {
      "has_wool": "2022-12-16 08:55:39 -0600"
    },
    "done": true
  },
  "minecraft:recipes/building_blocks/gray_wool": {
    "criteria": {
      "has_white_wool": "2022-12-16 08:55:39 -0600"
    },
    "done": true
  },
  "create:recipes/create.palettes/cut_tuff_bricks_from_tuff_stonecutting": {
    "criteria": {
      "has_tuff": "2022-12-16 09:48:52 -0600"
    },
    "done": true
  },
  "create:recipes/create.palettes/cut_tuff_from_tuff_stonecutting": {
    "criteria": {
      "has_tuff": "2022-12-16 09:48:52 -0600"
    },
    "done": true
  },
  "minecraft:recipes/building_blocks/sandstone_stairs": {
    "criteria": {
      "has_chiseled_sandstone": "2022-12-16 08:34:48 -0600"
    },
    "done": true
  },
  "minecraft:recipes/transportation/mangrove_chest_boat": {
    "criteria": {
      "has_boat": "2022-12-16 08:48:34 -0600"
    },
    "done": true
  },
  "minecraft:recipes/building_blocks/glowstone": {
    "criteria": {
      "has_glowstone_dust": "2022-12-16 09:31:27 -0600"
    },
    "done": true
  },
  "create:recipes/create.palettes/polished_cut_andesite_from_andesite_stonecutting": {
    "criteria": {
      "has_andesite": "2022-12-16 08:52:34 -0600"
    },
    "done": true
  },
  "create:recipes/create.palettes/small_tuff_brick_slab_from_tuff_stonecutting": {
    "criteria": {
      "has_tuff": "2022-12-16 09:48:52 -0600"
    },
    "done": true
  },
  "minecraft:recipes/building_blocks/cut_sandstone_slab_from_sandstone_stonecutting": {
    "criteria": {
      "has_sandstone": "2022-12-16 08:47:20 -0600"
    },
    "done": true
  },
  "create:recipes/create.palettes/cut_andesite_bricks_from_andesite_stonecutting": {
    "criteria": {
      "has_andesite": "2022-12-16 08:52:34 -0600"
    },
    "done": true
  },
  "create:speed_controller": {
    "criteria": {
      "0": "2022-12-16 10:41:58 -0600"
    },
    "done": true
  },
  "create:recipes/create.base/crafting/logistics/content_observer": {
    "criteria": {
      "has_item": "2022-12-16 08:56:19 -0600"
    },
    "done": true
  },
  "minecraft:recipes/building_blocks/cut_sandstone": {
    "criteria": {
      "has_sandstone": "2022-12-16 08:47:20 -0600"
    },
    "done": true
  },
  "minecraft:recipes/building_blocks/chiseled_sandstone_from_sandstone_stonecutting": {
    "criteria": {
      "has_sandstone": "2022-12-16 08:47:20 -0600"
    },
    "done": true
  },
  "create:recipes/create.base/crafting/logistics/powered_toggle_latch": {
    "criteria": {
      "has_item": "2022-12-16 09:31:28 -0600"
    },
    "done": true
  },
  "create:recipes/create.palettes/cut_tuff_wall_from_tuff_stonecutting": {
    "criteria": {
      "has_tuff": "2022-12-16 09:48:51 -0600"
    },
    "done": true
  },
  "minecraft:recipes/transportation/jungle_chest_boat": {
    "criteria": {
      "has_boat": "2022-12-16 08:48:34 -0600"
    },
    "done": true
  },
  "minecraft:recipes/redstone/note_block": {
    "criteria": {
      "has_redstone": "2022-12-16 09:31:28 -0600"
    },
    "done": true
  },
  "minecraft:recipes/building_blocks/sandstone_stairs_from_sandstone_stonecutting": {
    "criteria": {
      "has_sandstone": "2022-12-16 08:47:20 -0600"
    },
    "done": true
  },
  "create:recipes/create.palettes/andesite_pillar_from_andesite_stonecutting": {
    "criteria": {
      "has_andesite": "2022-12-16 08:52:34 -0600"
    },
    "done": true
  },
  "create:recipes/create.base/crafting/kinetics/sail_framefrom_conversion": {
    "criteria": {
      "has_item": "2022-12-16 08:50:47 -0600"
    },
    "done": true
  },
  "create:recipes/create.base/crafting/kinetics/yellow_seat": {
    "criteria": {
      "has_wool": "2022-12-16 08:55:39 -0600"
    },
    "done": true
  },
  "minecraft:recipes/decorations/white_banner": {
    "criteria": {
      "has_white_wool": "2022-12-16 08:55:39 -0600"
    },
    "done": true
  },
  "minecraft:recipes/building_blocks/sandstone_slab_from_sandstone_stonecutting": {
    "criteria": {
      "has_sandstone": "2022-12-16 08:47:20 -0600"
    },
    "done": true
  },
  "minecraft:recipes/redstone/dropper": {
    "criteria": {
      "has_redstone": "2022-12-16 09:31:28 -0600"
    },
    "done": true
  },
  "create:recipes/create.base/crafting/kinetics/purple_seat": {
    "criteria": {
      "has_wool": "2022-12-16 08:55:39 -0600"
    },
    "done": true
  },
  "create:recipes/create.palettes/polished_cut_andesite_wall_from_andesite_stonecutting": {
    "criteria": {
      "has_andesite": "2022-12-16 08:52:34 -0600"
    },
    "done": true
  },
  "minecraft:recipes/building_blocks/yellow_wool": {
    "criteria": {
      "has_white_wool": "2022-12-16 08:55:39 -0600"
    },
    "done": true
  },
  "create:recipes/create.palettes/polished_cut_tuff_wall_from_tuff_stonecutting": {
    "criteria": {
      "has_tuff": "2022-12-16 09:48:51 -0600"
    },
    "done": true
  },
  "minecraft:recipes/transportation/spruce_chest_boat": {
    "criteria": {
      "has_boat": "2022-12-16 08:48:34 -0600"
    },
    "done": true
  },
  "create:recipes/create.palettes/cut_andesite_wall_from_andesite_stonecutting": {
    "criteria": {
      "has_andesite": "2022-12-16 08:52:34 -0600"
    },
    "done": true
  },
  "create:windmill": {
    "criteria": {
      "0": "2022-12-16 08:53:13 -0600"
    },
    "done": true
  },
  "create:recipes/create.palettes/polished_cut_tuff_from_tuff_stonecutting": {
    "criteria": {
      "has_tuff": "2022-12-16 09:48:52 -0600"
    },
    "done": true
  },
  "minecraft:recipes/building_blocks/sandstone_slab": {
    "criteria": {
      "has_chiseled_sandstone": "2022-12-16 08:34:48 -0600"
    },
    "done": true
  },
  "minecraft:recipes/misc/iron_nugget_from_blasting": {
    "criteria": {
      "has_iron_sword": "2022-12-16 23:26:59 -0600"
    },
    "done": true
  },
  "create:recipes/create.base/crafting/kinetics/lime_seat": {
    "criteria": {
      "has_wool": "2022-12-16 08:55:39 -0600"
    },
    "done": true
  },
  "minecraft:recipes/building_blocks/smooth_sandstone": {
    "criteria": {
      "has_sandstone": "2022-12-16 08:47:20 -0600"
    },
    "done": true
  },
  "create:recipes/create.palettes/small_andesite_brick_wall_from_andesite_stonecutting": {
    "criteria": {
      "has_andesite": "2022-12-16 08:52:34 -0600"
    },
    "done": true
  },
  "minecraft:recipes/tools/compass": {
    "criteria": {
      "has_redstone": "2022-12-16 09:31:28 -0600"
    },
    "done": true
  },
  "minecraft:recipes/redstone/repeater": {
    "criteria": {
      "has_redstone_torch": "2022-12-16 15:54:22 -0600"
    },
    "done": true
  },
  "minecraft:recipes/building_blocks/andesite_stairs_from_andesite_stonecutting": {
    "criteria": {
      "has_andesite": "2022-12-16 08:52:34 -0600"
    },
    "done": true
  },
  "minecraft:recipes/transportation/acacia_chest_boat": {
    "criteria": {
      "has_boat": "2022-12-16 08:48:34 -0600"
    },
    "done": true
  },
  "minecraft:recipes/building_blocks/blue_wool": {
    "criteria": {
      "has_white_wool": "2022-12-16 08:55:39 -0600"
    },
    "done": true
  },
  "create:recipes/create.base/crafting/kinetics/track_station": {
    "criteria": {
      "has_item": "2022-12-16 10:42:59 -0600"
    },
    "done": true
  },
  "create:recipes/create.base/crafting/kinetics/track_observer": {
    "criteria": {
      "has_item": "2022-12-16 10:42:59 -0600"
    },
    "done": true
  },
  "minecraft:recipes/transportation/oak_chest_boat": {
    "criteria": {
      "has_boat": "2022-12-16 08:48:34 -0600"
    },
    "done": true
  },
  "minecraft:recipes/building_blocks/polished_andesite": {
    "criteria": {
      "has_andesite": "2022-12-16 08:52:34 -0600"
    },
    "done": true
  },
  "minecraft:recipes/redstone/target": {
    "criteria": {
      "has_redstone": "2022-12-16 09:31:28 -0600"
    },
    "done": true
  },
  "create:recipes/create.base/crafting/logistics/pulse_repeater": {
    "criteria": {
      "has_item": "2022-12-16 09:31:28 -0600"
    },
    "done": true
  },
  "minecraft:adventure/adventuring_time": {
    "criteria": {
      "minecraft:desert": "2022-12-16 08:32:19 -0600"
    },
    "done": false
  },
  "minecraft:recipes/building_blocks/andesite_stairs": {
    "criteria": {
      "has_andesite": "2022-12-16 08:52:34 -0600"
    },
    "done": true
  },
  "minecraft:recipes/building_blocks/orange_wool": {
    "criteria": {
      "has_white_wool": "2022-12-16 08:55:39 -0600"
    },
    "done": true
  },
  "create:recipes/create.palettes/cut_andesite_from_andesite_stonecutting": {
    "criteria": {
      "has_andesite": "2022-12-16 08:52:34 -0600"
    },
    "done": true
  },
  "minecraft:recipes/redstone/redstone_torch": {
    "criteria": {
      "has_redstone": "2022-12-16 09:31:28 -0600"
    },
    "done": true
  },
  "create:recipes/create.base/crafting/kinetics/controls": {
    "criteria": {
      "has_item": "2022-12-16 10:42:59 -0600"
    },
    "done": true
  },
  "minecraft:recipes/building_blocks/polished_andesite_slab_from_andesite_stonecutting": {
    "criteria": {
      "has_andesite": "2022-12-16 08:52:34 -0600"
    },
    "done": true
  },
  "create:recipes/create.base/crafting/kinetics/smart_chute": {
    "criteria": {
      "has_item": "2022-12-16 08:46:29 -0600"
    },
    "done": true
  },
  "minecraft:recipes/building_blocks/polished_andesite_from_andesite_stonecutting": {
    "criteria": {
      "has_andesite": "2022-12-16 08:52:34 -0600"
    },
    "done": true
  },
  "create:recipes/create.palettes/cut_andesite_brick_slab_from_andesite_stonecutting": {
    "criteria": {
      "has_andesite": "2022-12-16 08:52:34 -0600"
    },
    "done": true
  },
  "create:shifting_gears": {
    "criteria": {
      "0": "2022-12-16 08:50:16 -0600"
    },
    "done": true
  },
  "create:recipes/create.palettes/polished_cut_andesite_stairs_from_andesite_stonecutting": {
    "criteria": {
      "has_andesite": "2022-12-16 08:52:34 -0600"
    },
    "done": true
  },
  "create:recipes/create.palettes/polished_cut_andesite_slab_from_andesite_stonecutting": {
    "criteria": {
      "has_andesite": "2022-12-16 08:52:34 -0600"
    },
    "done": true
  },
  "minecraft:recipes/transportation/dark_oak_chest_boat": {
    "criteria": {
      "has_boat": "2022-12-16 08:48:34 -0600"
    },
    "done": true
  },
  "create:recipes/create.base/crafting/kinetics/brown_seat": {
    "criteria": {
      "has_wool": "2022-12-16 08:55:39 -0600"
    },
    "done": true
  },
  "create:recipes/create.palettes/cut_tuff_brick_slab_from_tuff_stonecutting": {
    "criteria": {
      "has_tuff": "2022-12-16 09:48:51 -0600"
    },
    "done": true
  },
  "create:recipes/create.base/crafting/kinetics/track_observer_from_other_plates": {
    "criteria": {
      "has_item": "2022-12-16 10:42:59 -0600"
    },
    "done": true
  },
  "create:recipes/create.base/crafting/kinetics/black_seat": {
    "criteria": {
      "has_wool": "2022-12-16 08:55:39 -0600"
    },
    "done": true
  },
  "create:recipes/create.base/crafting/kinetics/green_seat": {
    "criteria": {
      "has_wool": "2022-12-16 08:55:39 -0600"
    },
    "done": true
  },
  "create:recipes/create.palettes/small_andesite_bricks_from_andesite_stonecutting": {
    "criteria": {
      "has_andesite": "2022-12-16 08:52:34 -0600"
    },
    "done": true
  },
  "minecraft:recipes/tools/clock": {
    "criteria": {
      "has_redstone": "2022-12-16 09:31:28 -0600"
    },
    "done": true
  },
  "minecraft:recipes/decorations/glow_item_frame": {
    "criteria": {
      "has_glow_ink_sac": "2022-12-16 09:31:26 -0600"
    },
    "done": true
  },
  "minecraft:recipes/decorations/andesite_wall_from_andesite_stonecutting": {
    "criteria": {
      "has_andesite": "2022-12-16 08:52:34 -0600"
    },
    "done": true
  },
  "minecraft:recipes/building_blocks/pink_wool": {
    "criteria": {
      "has_white_wool": "2022-12-16 08:55:39 -0600"
    },
    "done": true
  },
  "minecraft:recipes/combat/spectral_arrow": {
    "criteria": {
      "has_glowstone_dust": "2022-12-16 09:31:27 -0600"
    },
    "done": true
  },
  "create:recipes/create.palettes/cut_tuff_slab_from_tuff_stonecutting": {
    "criteria": {
      "has_tuff": "2022-12-16 09:48:52 -0600"
    },
    "done": true
  },
  "create:recipes/create.palettes/cut_andesite_brick_wall_from_andesite_stonecutting": {
    "criteria": {
      "has_andesite": "2022-12-16 08:52:34 -0600"
    },
    "done": true
  },
  "create:recipes/create.base/crafting/kinetics/white_seat": {
    "criteria": {
      "has_wool": "2022-12-16 08:55:39 -0600"
    },
    "done": true
  },
  "create:recipes/create.palettes/cut_andesite_brick_stairs_from_andesite_stonecutting": {
    "criteria": {
      "has_andesite": "2022-12-16 08:52:34 -0600"
    },
    "done": true
  },
  "create:recipes/create.palettes/layered_andesite_from_andesite_stonecutting": {
    "criteria": {
      "has_andesite": "2022-12-16 08:52:34 -0600"
    },
    "done": true
  },
  "create:recipes/create.base/crafting/kinetics/pink_seat": {
    "criteria": {
      "has_wool": "2022-12-16 08:55:39 -0600"
    },
    "done": true
  },
  "minecraft:recipes/redstone/redstone_block": {
    "criteria": {
      "has_redstone": "2022-12-16 09:31:28 -0600"
    },
    "done": true
  },
  "minecraft:recipes/redstone/piston": {
    "criteria": {
      "has_redstone": "2022-12-16 09:31:28 -0600"
    },
    "done": true
  },
  "minecraft:recipes/decorations/white_carpet": {
    "criteria": {
      "has_white_wool": "2022-12-16 08:55:39 -0600"
    },
    "done": true
  },
  "create:recipes/create.palettes/cut_tuff_brick_stairs_from_tuff_stonecutting": {
    "criteria": {
      "has_tuff": "2022-12-16 09:48:52 -0600"
    },
    "done": true
  },
  "create:recipes/create.base/crafting/logistics/pulse_extender": {
    "criteria": {
      "has_item": "2022-12-16 09:31:28 -0600"
    },
    "done": true
  },
  "minecraft:recipes/misc/iron_nugget_from_smelting": {
    "criteria": {
      "has_iron_sword": "2022-12-16 23:26:59 -0600"
    },
    "done": true
  },
  "create:recipes/create.palettes/small_tuff_bricks_from_tuff_stonecutting": {
    "criteria": {
      "has_tuff": "2022-12-16 09:48:51 -0600"
    },
    "done": true
  },
  "create:recipes/create.base/crafting/materials/rose_quartz": {
    "criteria": {
      "has_item": "2022-12-16 09:31:28 -0600"
    },
    "done": true
  },
  "minecraft:recipes/decorations/sandstone_wall": {
    "criteria": {
      "has_sandstone": "2022-12-16 08:47:20 -0600"
    },
    "done": true
  },
  "minecraft:recipes/transportation/birch_chest_boat": {
    "criteria": {
      "has_boat": "2022-12-16 08:48:34 -0600"
    },
    "done": true
  },
  "create:recipes/create.palettes/cut_andesite_stairs_from_andesite_stonecutting": {
    "criteria": {
      "has_andesite": "2022-12-16 08:52:34 -0600"
    },
    "done": true
  },
  "create:root": {
    "criteria": {
      "0": "2022-12-16 08:33:35 -0600"
    },
    "done": true
  },
  "create:recipes/create.base/crafting/kinetics/gearboxfrom_conversion": {
    "criteria": {
      "has_item": "2022-12-16 08:50:39 -0600"
    },
    "done": true
  },
  "create:recipes/create.palettes/layered_tuff_from_tuff_stonecutting": {
    "criteria": {
      "has_tuff": "2022-12-16 09:48:51 -0600"
    },
    "done": true
  },
  "minecraft:recipes/decorations/andesite_wall": {
    "criteria": {
      "has_andesite": "2022-12-16 08:52:34 -0600"
    },
    "done": true
  },
  "minecraft:recipes/building_blocks/light_gray_wool": {
    "criteria": {
      "has_white_wool": "2022-12-16 08:55:39 -0600"
    },
    "done": true
  },
  "minecraft:recipes/building_blocks/andesite_slab": {
    "criteria": {
      "has_andesite": "2022-12-16 08:52:34 -0600"
    },
    "done": true
  },
  "minecraft:recipes/building_blocks/red_wool": {
    "criteria": {
      "has_white_wool": "2022-12-16 08:55:39 -0600"
    },
    "done": true
  },
  "create:recipes/create.palettes/small_tuff_brick_stairs_from_tuff_stonecutting": {
    "criteria": {
      "has_tuff": "2022-12-16 09:48:52 -0600"
    },
    "done": true
  },
  "create:belt": {
    "criteria": {
      "0": "2022-12-16 08:56:27 -0600"
    },
    "done": true
  },
  "create:recipes/create.palettes/polished_cut_tuff_slab_from_tuff_stonecutting": {
    "criteria": {
      "has_tuff": "2022-12-16 09:48:51 -0600"
    },
    "done": true
  },
  "create:recipes/create.base/crafting/kinetics/light_gray_seat": {
    "criteria": {
      "has_wool": "2022-12-16 08:55:39 -0600"
    },
    "done": true
  },
  "minecraft:recipes/decorations/sandstone_wall_from_sandstone_stonecutting": {
    "criteria": {
      "has_sandstone": "2022-12-16 08:47:20 -0600"
    },
    "done": true
  },
  "create:recipes/create.base/crafting/kinetics/red_seat": {
    "criteria": {
      "has_wool": "2022-12-16 08:55:39 -0600"
    },
    "done": true
  },
  "create:recipes/create.base/crafting/kinetics/track_signal": {
    "criteria": {
      "has_item": "2022-12-16 10:42:59 -0600"
    },
    "done": true
  },
  "DataVersion": 3120
}